scenario,year,cement_tonnes,captured_tonnes,premium_revenue_eur_m,retained_carbon_cash_eur_m,net_ccs_opex_eur_m,operating_surplus_eur_m,cash_tax_eur_m,incremental_capex_eur_m,delta_working_capital_eur_m,incremental_fcf_eur_m,years_from_valuation,present_value_eur_m
downside,2026,210000.0,152727.27272727,4.2,0.0,9.16363636,-4.96363636,0.0,5,0.21,-10.17363636,0.84599589,-9.53234716
downside,2027,270000.0,196363.63636364,5.4,0.0,11.78181818,-6.38181818,0.0,5,0.06,-11.44181818,1.84531143,-9.92699502
downside,2028,300000.0,218181.81818182,6.0,0.0,13.09090909,-7.09090909,0.0,5,0.03,-12.12090909,2.84736482,-9.73566381
downside,2029,330000.0,240000.0,6.6,0.0,14.4,-7.8,0.0,5,0.03,-12.83,3.84668036,-9.54236782
downside,2030,330000.0,240000.0,6.6,0.0,14.4,-7.8,0.0,5,0.0,-12.8,4.84599589,-8.81533027
central_sensitivity,2026,297500.0,216363.63636364,17.85,8.65454545,8.65454545,17.85,4.4625,5,0.8925,7.495,0.84599589,7.02255707
central_sensitivity,2027,382500.0,278181.81818182,22.95,11.82272727,11.12727273,23.64545455,5.91136364,5,0.255,12.47909091,1.84531143,10.82693951
central_sensitivity,2028,425000.0,309090.90909091,25.5,13.90909091,12.36363636,27.04545455,6.76136364,5,0.1275,15.15659091,2.84736482,12.17396092
central_sensitivity,2029,467500.0,340000.0,28.05,16.15,13.6,30.6,7.65,5,0.1275,17.8225,3.84668036,13.25556122
central_sensitivity,2030,467500.0,340000.0,28.05,17.0,13.6,31.45,7.8625,5,0.0,18.5875,4.84599589,12.80116807
upside,2026,350000,254545.45454545,35.0,20.36363636,5.09090909,50.27272727,12.56818182,5,1.75,30.95454545,0.84599589,29.00334384
upside,2027,450000,327272.72727273,45.0,27.81818182,6.54545455,66.27272727,16.56818182,5,0.5,44.20454545,1.84531143,38.35214787
upside,2028,500000,363636.36363636,50.0,32.72727273,7.27272727,75.45454545,18.86363636,5,0.25,51.34090909,2.84736482,41.23765196
upside,2029,550000,400000,55.0,38.0,8.0,85.0,21.25,5,0.25,58.5,3.84668036,43.50962723
upside,2030,550000,400000,55.0,40.0,8.0,87.0,21.75,5,0.0,60.25,4.84599589,41.49403505
