scenario,assumed_net_retained_construction_capital_eur_m,required_capital_recovery_at_cutoff_eur_m,remaining_value_less_required_capital_recovery_eur_m,premium_to_recover_capital_plus_residual_eur_per_tonne
downside,0,0.0,-222.17541038,99.82611355
downside,100,109.25312981,-331.42854019,147.65691205
downside,200,218.50625963,-440.68167001,195.48771054
downside,300,327.75938944,-549.93479982,243.31850904
central_sensitivity,0,0.0,65.85702433,41.86879491
central_sensitivity,100,109.25312981,-43.39610549,73.35964628
central_sensitivity,200,218.50625963,-152.6492353,107.12256286
central_sensitivity,300,327.75938944,-261.90236511,140.88547945
upside,0,0.0,356.84321237,8.20084464
upside,100,109.25312981,247.59008256,34.96333861
upside,200,218.50625963,138.33695274,63.66181771
upside,300,327.75938944,29.08382293,92.36029681
