scenario,year,future_year_fraction,cement_produced_tonnes,cement_sold_premium_tonnes,offered_premium_cement_unmonetized_tonnes,co2_captured_tonnes,co2_stored_tonnes,co2_eligible_ets_tonnes,co2_non_ets_tonnes,premium_cash_eur_m,gross_ets_value_earned_eur_m,retained_ets_value_earned_eur_m,retained_ets_cash_received_eur_m,non_ets_aid_earned_eur_m,non_ets_aid_cash_received_eur_m,gross_fixed_capture_cost_eur_m,gross_variable_capture_cost_eur_m,transport_storage_cost_eur_m,operating_grant_cash_eur_m,remaining_assumed_operating_aid_cap_eur_m,net_operating_cash_surplus_eur_m,cash_tax_eur_m,sustaining_capex_eur_m,closure_cost_eur_m,change_working_capital_eur_m,incremental_fcf_eur_m,present_value_eur_m,years_from_valuation
downside,2026,0.84931507,297260.2739726,178356.16438356,0.0,152876.71232877,137589.04109589,121078.35616438,16510.68493151,3.56712329,9.68626849,2.42156712,0,0,0,6.79452055,10.70136986,0.0,0,150,-13.92876712,0.0,4.24657534,0,0.17835616,-18.35369863,-17.196784,0.84599589
downside,2027,1.0,450000.0,270000.0,0.0,200000.0,180000.0,158400.0,21600.0,5.4,13.464,3.366,2.42156712,0,0,8.0,14.0,0.0,0,150,-14.17843288,0.0,5.0,0,0.09164384,-19.27007671,-16.71884246,1.84531143
downside,2028,1.0,500000.0,300000.0,0.0,220000.0,198000.0,174240.0,23760.0,6.0,15.6816,3.9204,3.366,0,0,8.0,15.4,0.0,0,150,-14.034,0.0,5.0,0,0.03,-19.064,-15.31244014,2.84736482
downside,2029,1.0,550000.0,330000.0,0.0,240000.0,216000.0,190080.0,25920.0,6.6,18.0576,4.5144,3.9204,0,0,8.0,16.8,0.0,0,150,-14.2796,0.0,5.0,0,0.03,-19.3096,-14.36159825,3.84668036
downside,2030,1.0,550000.0,330000.0,0.0,240000.0,216000.0,190080.0,25920.0,6.6,19.008,4.752,4.5144,0,0,8.0,16.8,0.0,0,150,-13.6856,0.0,5.0,0,0.0,-18.6856,-12.86872932,4.84599589
downside,2031,1.0,550000.0,330000.0,0.0,240000.0,216000.0,190080.0,25920.0,6.6,19.008,4.752,4.752,0,0,8.0,16.8,0.0,0,150,-13.448,0.0,5.0,0,0.0,-18.448,-11.76459632,5.84531143
downside,2032,1.0,550000.0,330000.0,0.0,240000.0,216000.0,190080.0,25920.0,6.6,19.008,4.752,4.752,0,0,8.0,16.8,0.0,0,150,-13.448,0.0,5.0,0,0.0,-18.448,-10.89142343,6.84736482
downside,2033,1.0,550000.0,330000.0,0.0,240000.0,216000.0,190080.0,25920.0,6.6,19.008,4.752,4.752,0,0,8.0,16.8,0.0,0,150,-13.448,0.0,5.0,0,0.0,-18.448,-10.08518257,7.84668036
downside,2034,1.0,550000.0,330000.0,0.0,240000.0,216000.0,190080.0,25920.0,6.6,19.008,4.752,4.752,0,0,8.0,16.8,0.0,0,150,-13.448,0.0,5.0,0,0.0,-18.448,-9.33862392,8.84599589
downside,2035,1.0,550000.0,330000.0,0.0,240000.0,216000.0,190080.0,25920.0,6.6,19.008,4.752,4.752,0,0,8.0,16.8,6.48,0,150,-19.928,0.0,5.0,0,0.0,-24.928,-11.68476962,9.84531143
downside,2036,1.0,550000.0,330000.0,0.0,240000.0,216000.0,190080.0,25920.0,6.6,19.008,4.752,4.752,0,0,8.0,16.8,6.48,0,150,-19.928,0.0,5.0,0,0.0,-24.928,-10.81752149,10.84736482
downside,2037,1.0,550000.0,330000.0,0.0,240000.0,216000.0,190080.0,25920.0,6.6,19.008,4.752,4.752,0,0,8.0,16.8,6.48,0,150,-19.928,0.0,5.0,0,0.0,-24.928,-10.01675124,11.84668036
downside,2038,1.0,550000.0,330000.0,0.0,240000.0,216000.0,190080.0,25920.0,6.6,19.008,4.752,4.752,0,0,8.0,16.8,6.48,0,150,-19.928,0.0,5.0,0,0.0,-24.928,-9.27525825,12.84599589
downside,2039,1.0,550000.0,330000.0,0.0,240000.0,216000.0,190080.0,25920.0,6.6,19.008,4.752,4.752,0,0,8.0,16.8,6.48,0,150,-19.928,0.0,5.0,0,0.0,-24.928,-8.58865449,13.84531143
downside,2040,1.0,550000.0,330000.0,0.0,240000.0,216000.0,190080.0,25920.0,6.6,19.008,4.752,4.752,0,0,8.0,16.8,6.48,0,150,-19.928,0.0,5.0,0,0.0,-24.928,-7.95120123,14.84736482
downside,2041,1.0,550000.0,330000.0,0.0,240000.0,216000.0,190080.0,25920.0,6.6,19.008,4.752,4.752,0,0,8.0,16.8,6.48,0,150,-19.928,0.0,5.0,0,0.0,-24.928,-7.36261119,15.84668036
downside,2042,1.0,550000.0,330000.0,0.0,240000.0,216000.0,190080.0,25920.0,6.6,19.008,4.752,4.752,0,0,8.0,16.8,6.48,0,150,-19.928,0.0,5.0,0,0.0,-24.928,-6.8175917,16.84599589
downside,2043,1.0,550000.0,330000.0,0.0,240000.0,216000.0,190080.0,25920.0,6.6,19.008,4.752,4.752,0,0,8.0,16.8,6.48,0,150,-19.928,0.0,5.0,0,0.0,-24.928,-6.31291745,17.84531143
downside,2044,1.0,550000.0,330000.0,0.0,240000.0,216000.0,190080.0,25920.0,6.6,19.008,4.752,4.752,0,0,8.0,16.8,6.48,0,150,-19.928,0.0,5.0,0,0.0,-24.928,-5.84437027,18.84736482
downside,2045,1.0,550000.0,330000.0,0.0,240000.0,216000.0,190080.0,25920.0,6.6,19.008,4.752,4.752,0,0,8.0,16.8,6.48,0,150,-19.928,0.0,5.0,20,-0.33,-44.598,-9.68199361,19.84668036
downside,2046,0.0,0.0,0.0,0.0,0.0,0.0,0.0,0.0,0.0,0.0,0.0,4.752,0,0,0.0,0.0,0.0,0,150,4.752,1.188,0.0,0,0,3.564,0.71645056,20.84599589
central_sensitivity,2026,0.84931507,297260.2739726,252671.23287671,0.0,220821.91780822,216405.47945205,190436.82191781,25968.65753425,15.16027397,15.23494575,7.61747288,0,2.0774926,0,6.79452055,15.45753425,0.0,18.81232877,131.18767123,11.72054795,2.93013699,4.24657534,0,0.7580137,3.78582192,3.54718485,0.84599589
central_sensitivity,2027,1.0,450000.0,382500.0,0.0,320000.0,313600.0,275968.0,37632.0,22.95,23.45728,11.72864,7.61747288,3.19872,2.0774926,8.0,22.4,0.0,25.3,105.88767123,27.54496548,6.88624137,5.0,0,0.3894863,15.26923781,13.2476889,1.84531143
central_sensitivity,2028,1.0,500000.0,425000.0,0.0,340000.0,333200.0,293216.0,39984.0,25.5,26.38944,13.19472,11.72864,3.59856,3.19872,8.0,23.8,0.0,26.35,79.53767123,34.97736,8.74434,5.0,0,0.1275,21.10552,16.9522142,2.84736482
central_sensitivity,2029,1.0,550000.0,467500.0,0.0,360000.0,352800.0,310464.0,42336.0,28.05,29.49408,14.74704,13.19472,4.02192,3.59856,8.0,25.2,0.0,27.4,52.13767123,39.04328,9.76082,5.0,0,0.1275,24.15496,17.96535565,3.84668036
central_sensitivity,2030,1.0,550000.0,467500.0,0.0,360000.0,352800.0,310464.0,42336.0,28.05,31.0464,15.5232,14.74704,4.2336,4.02192,8.0,25.2,0.0,27.4,24.73767123,41.01896,10.25474,5.0,0,0.0,25.76422,17.74375847,4.84599589
central_sensitivity,2031,1.0,550000.0,467500.0,0.0,360000.0,352800.0,310464.0,42336.0,28.05,31.0464,15.5232,15.5232,4.2336,4.2336,8.0,25.2,0.0,24.73767123,0.0,39.34447123,9.83611781,5.0,0,0.0,24.50835342,15.62938447,5.84531143
central_sensitivity,2032,1.0,550000.0,467500.0,0.0,360000.0,352800.0,310464.0,42336.0,28.05,31.0464,15.5232,15.5232,4.2336,4.2336,8.0,25.2,0.0,0.0,0.0,14.6068,3.6517,5.0,0,0.0,5.9551,3.51580202,6.84736482
central_sensitivity,2033,1.0,550000.0,467500.0,0.0,360000.0,352800.0,310464.0,42336.0,28.05,31.0464,15.5232,15.5232,4.2336,4.2336,8.0,25.2,0.0,0.0,0.0,14.6068,3.6517,5.0,0,0.0,5.9551,3.25554373,7.84668036
central_sensitivity,2034,1.0,550000.0,467500.0,0.0,360000.0,352800.0,310464.0,42336.0,28.05,31.0464,15.5232,15.5232,4.2336,4.2336,8.0,25.2,0.0,0.0,0.0,14.6068,3.6517,5.0,0,0.0,5.9551,3.01455113,8.84599589
central_sensitivity,2035,1.0,550000.0,467500.0,0.0,360000.0,352800.0,310464.0,42336.0,28.05,31.0464,15.5232,15.5232,0,4.2336,8.0,25.2,10.584,0,0.0,4.0228,1.0057,5.0,0,0.0,-1.9829,-0.92946605,9.84531143
central_sensitivity,2036,1.0,550000.0,467500.0,0.0,360000.0,352800.0,310464.0,42336.0,28.05,31.0464,15.5232,15.5232,0,0,8.0,25.2,10.584,0,0.0,-0.2108,0.0,5.0,0,0.0,-5.2108,-2.26122998,10.84736482
central_sensitivity,2037,1.0,550000.0,467500.0,0.0,360000.0,352800.0,310464.0,42336.0,28.05,31.0464,15.5232,15.5232,0,0,8.0,25.2,10.584,0,0.0,-0.2108,0.0,5.0,0,0.0,-5.2108,-2.09384176,11.84668036
central_sensitivity,2038,1.0,550000.0,467500.0,0.0,360000.0,352800.0,310464.0,42336.0,28.05,31.0464,15.5232,15.5232,0,0,8.0,25.2,10.584,0,0.0,-0.2108,0.0,5.0,0,0.0,-5.2108,-1.9388445,12.84599589
central_sensitivity,2039,1.0,550000.0,467500.0,0.0,360000.0,352800.0,310464.0,42336.0,28.05,31.0464,15.5232,15.5232,0,0,8.0,25.2,10.584,0,0.0,-0.2108,0.0,5.0,0,0.0,-5.2108,-1.79532096,13.84531143
central_sensitivity,2040,1.0,550000.0,467500.0,0.0,360000.0,352800.0,310464.0,42336.0,28.05,31.0464,15.5232,15.5232,0,0,8.0,25.2,10.584,0,0.0,-0.2108,0.0,5.0,0,0.0,-5.2108,-1.66207154,14.84736482
central_sensitivity,2041,1.0,550000.0,467500.0,0.0,360000.0,352800.0,310464.0,42336.0,28.05,31.0464,15.5232,15.5232,0,0,8.0,25.2,10.584,0,0.0,-0.2108,0.0,5.0,0,0.0,-5.2108,-1.5390362,15.84668036
central_sensitivity,2042,1.0,550000.0,467500.0,0.0,360000.0,352800.0,310464.0,42336.0,28.05,31.0464,15.5232,15.5232,0,0,8.0,25.2,10.584,0,0.0,-0.2108,0.0,5.0,0,0.0,-5.2108,-1.42510859,16.84599589
central_sensitivity,2043,1.0,550000.0,467500.0,0.0,360000.0,352800.0,310464.0,42336.0,28.05,31.0464,15.5232,15.5232,0,0,8.0,25.2,10.584,0,0.0,-0.2108,0.0,5.0,0,0.0,-5.2108,-1.3196145,17.84531143
central_sensitivity,2044,1.0,550000.0,467500.0,0.0,360000.0,352800.0,310464.0,42336.0,28.05,31.0464,15.5232,15.5232,0,0,8.0,25.2,10.584,0,0.0,-0.2108,0.0,5.0,0,0.0,-5.2108,-1.2216722,18.84736482
central_sensitivity,2045,1.0,550000.0,467500.0,0.0,360000.0,352800.0,310464.0,42336.0,28.05,31.0464,15.5232,15.5232,0,0,8.0,25.2,10.584,0,0.0,-0.2108,0.0,5.0,20,-1.4025,-23.8083,-5.16865798,19.84668036
central_sensitivity,2046,0.0,0.0,0.0,0.0,0.0,0.0,0.0,0.0,0.0,0.0,0.0,15.5232,0,0,0.0,0.0,0.0,0,0.0,15.5232,3.8808,0.0,0,0,11.6424,2.34040516,20.84599589
upside,2026,0.84931507,297260.2739726,297260.2739726,0.0,271780.82191781,271780.82191781,239167.12328767,32613.69863014,29.7260274,19.13336986,19.13336986,0,2.60909589,0,6.79452055,19.02465753,0.0,21.48767123,128.51232877,25.39452055,6.34863014,4.24657534,0,1.48630137,13.3130137,12.47383569,0.84599589
upside,2027,1.0,450000.0,450000.0,0.0,360000.0,360000.0,316800.0,43200.0,45.0,26.928,26.928,19.13336986,3.672,2.60909589,8.0,25.2,0.0,27.4,101.11232877,60.94246575,15.23561644,5.0,0,0.76369863,39.94315068,34.65493437,1.84531143
upside,2028,1.0,500000.0,500000.0,0.0,380000.0,380000.0,334400.0,45600.0,50.0,30.096,30.096,26.928,4.104,3.672,8.0,26.6,0.0,28.45,72.66232877,74.45,18.6125,5.0,0,0.25,50.5875,40.63250448,2.84736482
upside,2029,1.0,550000.0,550000.0,0.0,400000.0,400000.0,352000.0,48000.0,55.0,33.44,33.44,30.096,4.56,4.104,8.0,28.0,0.0,29.5,43.16232877,82.7,20.675,5.0,0,0.25,56.775,42.22665104,3.84668036
upside,2030,1.0,550000.0,550000.0,0.0,400000.0,400000.0,352000.0,48000.0,55.0,35.2,35.2,33.44,4.8,4.56,8.0,28.0,0.0,29.5,13.66232877,86.5,21.625,5.0,0,0.0,59.875,41.23577342,4.84599589
upside,2031,1.0,550000.0,550000.0,0.0,400000.0,400000.0,352000.0,48000.0,55.0,35.2,35.2,35.2,4.8,4.8,8.0,28.0,0.0,13.66232877,0.0,72.66232877,18.16558219,5.0,0,0.0,49.49674658,31.56489825,5.84531143
upside,2032,1.0,550000.0,550000.0,0.0,400000.0,400000.0,352000.0,48000.0,55.0,35.2,35.2,35.2,4.8,4.8,8.0,28.0,0.0,0.0,0.0,59.0,14.75,5.0,0,0.0,39.25,23.17261327,6.84736482
upside,2033,1.0,550000.0,550000.0,0.0,400000.0,400000.0,352000.0,48000.0,55.0,35.2,35.2,35.2,4.8,4.8,8.0,28.0,0.0,0.0,0.0,59.0,14.75,5.0,0,0.0,39.25,21.45725367,7.84668036
upside,2034,1.0,550000.0,550000.0,0.0,400000.0,400000.0,352000.0,48000.0,55.0,35.2,35.2,35.2,4.8,4.8,8.0,28.0,0.0,0.0,0.0,59.0,14.75,5.0,0,0.0,39.25,19.86887408,8.84599589
upside,2035,1.0,550000.0,550000.0,0.0,400000.0,400000.0,352000.0,48000.0,55.0,35.2,35.2,35.2,0,4.8,8.0,28.0,12.0,0,0.0,47.0,11.75,5.0,0,0.0,30.25,14.17940793,9.84531143
upside,2036,1.0,550000.0,550000.0,0.0,400000.0,400000.0,352000.0,48000.0,55.0,35.2,35.2,35.2,0,0,8.0,28.0,12.0,0,0.0,42.2,10.55,5.0,0,0.0,26.65,11.56478449,10.84736482
upside,2037,1.0,550000.0,550000.0,0.0,400000.0,400000.0,352000.0,48000.0,55.0,35.2,35.2,35.2,0,0,8.0,28.0,12.0,0,0.0,42.2,10.55,5.0,0,0.0,26.65,10.70869787,11.84668036
upside,2038,1.0,550000.0,550000.0,0.0,400000.0,400000.0,352000.0,48000.0,55.0,35.2,35.2,35.2,0,0,8.0,28.0,12.0,0,0.0,42.2,10.55,5.0,0,0.0,26.65,9.91598332,12.84599589
upside,2039,1.0,550000.0,550000.0,0.0,400000.0,400000.0,352000.0,48000.0,55.0,35.2,35.2,35.2,0,0,8.0,28.0,12.0,0,0.0,42.2,10.55,5.0,0,0.0,26.65,9.1819497,13.84531143
upside,2040,1.0,550000.0,550000.0,0.0,400000.0,400000.0,352000.0,48000.0,55.0,35.2,35.2,35.2,0,0,8.0,28.0,12.0,0,0.0,42.2,10.55,5.0,0,0.0,26.65,8.50046184,14.84736482
upside,2041,1.0,550000.0,550000.0,0.0,400000.0,400000.0,352000.0,48000.0,55.0,35.2,35.2,35.2,0,0,8.0,28.0,12.0,0,0.0,42.2,10.55,5.0,0,0.0,26.65,7.87121262,15.84668036
upside,2042,1.0,550000.0,550000.0,0.0,400000.0,400000.0,352000.0,48000.0,55.0,35.2,35.2,35.2,0,0,8.0,28.0,12.0,0,0.0,42.2,10.55,5.0,0,0.0,26.65,7.28854376,16.84599589
upside,2043,1.0,550000.0,550000.0,0.0,400000.0,400000.0,352000.0,48000.0,55.0,35.2,35.2,35.2,0,0,8.0,28.0,12.0,0,0.0,42.2,10.55,5.0,0,0.0,26.65,6.74900714,17.84531143
upside,2044,1.0,550000.0,550000.0,0.0,400000.0,400000.0,352000.0,48000.0,55.0,35.2,35.2,35.2,0,0,8.0,28.0,12.0,0,0.0,42.2,10.55,5.0,0,0.0,26.65,6.24809321,18.84736482
upside,2045,1.0,550000.0,550000.0,0.0,400000.0,400000.0,352000.0,48000.0,55.0,35.2,35.2,35.2,0,0,8.0,28.0,12.0,0,0.0,42.2,10.55,5.0,20,-2.75,9.4,2.04069106,19.84668036
upside,2046,0.0,0.0,0.0,0.0,0.0,0.0,0.0,0.0,0.0,0.0,0.0,35.2,0,0,0.0,0.0,0.0,0,0.0,35.2,8.8,0.0,0,0,26.4,5.30704118,20.84599589
