scenario,core_ev_to_rcobd_multiple,normalized_rcobd_ex_equity_accounted_eur_m,baseline_ev_eur_m,embedded_brevik_reference_pv_eur_m,replacement_brevik_pv_eur_m,adjusted_ev_eur_m,reported_net_debt_eur_m,pension_debtlike_proxy_eur_m,nci_value_proxy_eur_m,jv_associate_value_proxy_eur_m,conditional_common_equity_eur_m,issued_shares_m,conditional_value_eur_per_share,brevik_variant_value_eur_per_share
downside,7,4487.8,31414.6,65.85702433,-222.17541038,31126.56756529,5715,624.2,1136.3,2296.5,25947.56756529,176.365065,147.12419132,-1.63316037
downside,9,4487.8,40390.2,65.85702433,-222.17541038,40102.16756529,5715,624.2,1136.3,2296.5,34923.16756529,176.365065,198.01635639,-1.63316037
downside,11,4487.8,49365.8,65.85702433,-222.17541038,49077.76756529,5715,624.2,1136.3,2296.5,43898.76756529,176.365065,248.90852145,-1.63316037
central_sensitivity,7,4487.8,31414.6,65.85702433,65.85702433,31414.6,5715,624.2,1136.3,2296.5,26235.6,176.365065,148.75735169,0.0
central_sensitivity,9,4487.8,40390.2,65.85702433,65.85702433,40390.2,5715,624.2,1136.3,2296.5,35211.2,176.365065,199.64951676,0.0
central_sensitivity,11,4487.8,49365.8,65.85702433,65.85702433,49365.8,5715,624.2,1136.3,2296.5,44186.8,176.365065,250.54168182,0.0
upside,7,4487.8,31414.6,65.85702433,356.84321237,31705.58618805,5715,624.2,1136.3,2296.5,26526.58618805,176.365065,150.40726001,1.64990832
upside,9,4487.8,40390.2,65.85702433,356.84321237,40681.18618805,5715,624.2,1136.3,2296.5,35502.18618805,176.365065,201.29942508,1.64990832
upside,11,4487.8,49365.8,65.85702433,356.84321237,49656.78618805,5715,624.2,1136.3,2296.5,44477.78618805,176.365065,252.19159014,1.64990832
